milestone,planned_date,current_date,date_type,status
Design Freeze,2026-03-01,2026-03-05,Actual,Complete
Long-Lead Equipment Ordered,2026-03-15,2026-03-20,Actual,Complete
Site Mobilization,2026-04-01,2026-04-01,Actual,Complete
Civil Works Complete,2026-07-01,2026-07-22,Actual,Complete
Equipment Delivery,2026-07-15,2026-08-30,Actual,Complete
Electrical Installation Complete,2026-09-15,2026-10-25,Forecast,In Progress
Commissioning Start,2026-10-01,2026-11-05,Forecast,Not Started
Substantial Completion,2026-12-15,2027-01-10,Forecast,Not Started
Final Handover,2027-01-15,2027-02-05,Forecast,Not Started
